{
  "token_acc":null,
  "token_p":null,
  "token_r":null,
  "token_f":null,
  "ents_p":0.7964766839,
  "ents_r":0.7612916006,
  "ents_f":0.7784867821,
  "ents_per_type":{
    "DATE":{
      "p":0.9349775785,
      "r":0.9266666667,
      "f":0.9308035714
    },
    "PERSON_PAYEE":{
      "p":0.7712665406,
      "r":0.6817042607,
      "f":0.7237250554
    },
    "PRODUCT":{
      "p":0.5643712575,
      "r":0.5221606648,
      "f":0.5424460432
    },
    "AMOUNT":{
      "p":0.8383064516,
      "r":0.8322658127,
      "f":0.8352752109
    },
    "FOLIO":{
      "p":0.9826086957,
      "r":0.9112903226,
      "f":0.9456066946
    },
    "SUM_CATEGORY_ANNOUNCEMENT":{
      "p":0.7,
      "r":0.4666666667,
      "f":0.56
    },
    "COMPUTATION":{
      "p":0.8076923077,
      "r":0.9545454545,
      "f":0.875
    },
    "EXPENSE_CATEGORY":{
      "p":0.5,
      "r":0.4615384615,
      "f":0.48
    },
    "SUM_PAGE_ANNOUNCEMENT":{
      "p":0.7,
      "r":1.0,
      "f":0.8235294118
    }
  },
  "speed":16424.9929603276
}