{
  "lang":"la",
  "name":"pipeline",
  "version":"0.0.0",
  "spacy_version":">=3.7.2,<3.8.0",
  "description":"",
  "author":"",
  "email":"",
  "url":"",
  "license":"",
  "spacy_git_version":"a89eae928",
  "vectors":{
    "width":300,
    "vectors":200000,
    "keys":-1,
    "name":"la_vectors_floret_lg.vectors",
    "mode":"floret"
  },
  "labels":{
    "tok2vec":[

    ],
    "ner":[
      "AMOUNT",
      "COMPUTATION",
      "DATE",
      "EXPENSE_CATEGORY",
      "FOLIO",
      "PERSON_PAYEE",
      "PRODUCT",
      "SUM_CATEGORY_ANNOUNCEMENT",
      "SUM_PAGE_ANNOUNCEMENT"
    ]
  },
  "pipeline":[
    "tok2vec",
    "ner"
  ],
  "components":[
    "tok2vec",
    "ner"
  ],
  "disabled":[

  ],
  "performance":{
    "ents_f":0.7729827379,
    "ents_p":0.7833604557,
    "ents_r":0.7628763867,
    "ents_per_type":{
      "DATE":{
        "p":0.9529147982,
        "r":0.9444444444,
        "f":0.9486607143
      },
      "PERSON_PAYEE":{
        "p":0.7682570594,
        "r":0.6591478697,
        "f":0.7095323741
      },
      "PRODUCT":{
        "p":0.5724533716,
        "r":0.5526315789,
        "f":0.5623678647
      },
      "AMOUNT":{
        "p":0.8132341425,
        "r":0.8314651721,
        "f":0.8222486144
      },
      "FOLIO":{
        "p":1.0,
        "r":0.9516129032,
        "f":0.9752066116
      },
      "SUM_CATEGORY_ANNOUNCEMENT":{
        "p":0.3333333333,
        "r":0.5333333333,
        "f":0.4102564103
      },
      "COMPUTATION":{
        "p":0.8,
        "r":0.9090909091,
        "f":0.8510638298
      },
      "EXPENSE_CATEGORY":{
        "p":0.6666666667,
        "r":0.6153846154,
        "f":0.64
      },
      "SUM_PAGE_ANNOUNCEMENT":{
        "p":0.5384615385,
        "r":1.0,
        "f":0.7
      }
    },
    "tok2vec_loss":33.6062647793,
    "ner_loss":700.0303222597
  }
}